{
  "sample_size": 100000,
  "corpus_size": 10435593,
  "extrapolation_factor": 104.4,
  "old_pattern": {
    "phone_matches_total": 216498,
    "phone_matches_fake": 115653,
    "phone_matches_real": 100845,
    "contact_total_inc_emails": 218919,
    "fake_rate_pct": 53.42
  },
  "new_pattern": {
    "phone_matches": 31894,
    "email_matches": 2421,
    "contact_total": 34315,
    "part_matches": 36826,
    "date_matches": 44588
  },
  "reduction": {
    "contact_absolute": 184604,
    "contact_pct": 84.33
  },
  "projection_10_4M": {
    "old_contact": 22845495,
    "new_contact": 3580973,
    "new_phones_only": 3328328,
    "new_emails_only": 252645
  },
  "sample_rejected_fakes": [
    "976.1307445",
    "8241693569",
    "8160335085",
    "5771904000",
    "1175858872",
    "258.1843618",
    "129.3043618",
    "0260065295",
    "1310115716",
    "0708026488",
    "8130580000",
    "3691007162",
    "106.1344467",
    "1544467162",
    "0311749374",
    "129.1656216",
    "9800000000",
    "130.1471277",
    "3911667210",
    "1383831554"
  ],
  "sample_accepted_reals": [
    "(970) 986-2551",
    "+1 978-735-4752",
    "+1978-735-4754",
    "(402) 709-7610",
    "719-393-8175",
    "3007074059",
    "252.215-7009",
    "7318220000",
    "7616995190",
    "7616995195",
    "3926909985",
    "7318120000",
    "6117809540",
    "6117809000",
    "8537109170",
    "8537109090",
    "8544422000",
    "8544420000",
    "6506103075",
    "8479899599"
  ]
}